course_title,topic_title,filename,url
دوره جامع فیزیولوژی پزشکی,ADRENAL HORMONES PDF,ADRENAL-HORMONES.pdf,https://plasmato.net/wp-content/uploads/2026/01/ADRENAL-HORMONES.pdf
دوره جامع فیزیولوژی پزشکی,ANATOMY & PHYSIOLOGY PDF,ANATOMY-PHYSIOLOGY.pdf,https://plasmato.net/wp-content/uploads/2026/01/ANATOMY-PHYSIOLOGY.pdf
دوره جامع فیزیولوژی پزشکی,CALCIUM & PHOSPHATE HORMONAL REGULATION PDF,CALCIUM-PHOSPHATE-HORMONAL-REGULATION.pdf,https://plasmato.net/wp-content/uploads/2026/01/CALCIUM-PHOSPHATE-HORMONAL-REGULATION.pdf
دوره جامع فیزیولوژی پزشکی,PANCREATIC HORMONES PDF,PANCREATIC-HORMONES.pdf,https://plasmato.net/wp-content/uploads/2026/01/PANCREATIC-HORMONES.pdf
دوره جامع فیزیولوژی پزشکی,PITUITARY HORMONES PDF,PITUITARY-HORMONES.pdf,https://plasmato.net/wp-content/uploads/2026/01/PITUITARY-HORMONES.pdf
دوره جامع فیزیولوژی پزشکی,FEMALE REPRODUCTIVE SYSTEM PDF,FEMALE-REPRODUCTIVE-SYSTEM.pdf,https://plasmato.net/wp-content/uploads/2026/01/FEMALE-REPRODUCTIVE-SYSTEM.pdf
دوره جامع فیزیولوژی پزشکی,MALE REPRODUCTIVE SYSTEM PDF,MALE-REPRODUCTIVE-SYSTEM.pdf,https://plasmato.net/wp-content/uploads/2026/01/MALE-REPRODUCTIVE-SYSTEM.pdf
دوره جامع فیزیولوژی پزشکی,SEXUAL DEVELOPMENT PDF,SEXUAL-DEVELOPMENT.pdf,https://plasmato.net/wp-content/uploads/2026/01/SEXUAL-DEVELOPMENT.pdf
دوره جامع فیزیولوژی پزشکی,BLOOD PRESSURE REGULATION PDF,BLOOD-PRESSURE-REGULATION.pdf,https://plasmato.net/wp-content/uploads/2026/01/BLOOD-PRESSURE-REGULATION.pdf
دوره جامع فیزیولوژی پزشکی,BODY TEMPERATURE REGULATION PDF,BODY-TEMPERATURE-REGULATION.pdf,https://plasmato.net/wp-content/uploads/2026/01/BODY-TEMPERATURE-REGULATION.pdf
دوره جامع فیزیولوژی پزشکی,CARDIAC CYCLE PDF,CARDIAC-CYCLE.pdf,https://plasmato.net/wp-content/uploads/2026/01/CARDIAC-CYCLE.pdf
دوره جامع فیزیولوژی پزشکی,CARDIAC ELECTROPHYSIOLOGY PDF,CARDIAC-ELECTROPHYSIOLOGY.pdf,https://plasmato.net/wp-content/uploads/2026/01/CARDIAC-ELECTROPHYSIOLOGY.pdf
دوره جامع فیزیولوژی پزشکی,CARDIOVASCULAR ANATOMY & PHYSIOLOGY PDF,CARDIOVASCULAR-ANATOMY-PHYSIOLOGY.pdf,https://plasmato.net/wp-content/uploads/2026/01/CARDIOVASCULAR-ANATOMY-PHYSIOLOGY.pdf
دوره جامع فیزیولوژی پزشکی,ELECTROCARDIOGRAPHY(ECG) PDF,ELECTROCARDIOGRAPHYECG.pdf,https://plasmato.net/wp-content/uploads/2026/01/ELECTROCARDIOGRAPHYECG.pdf
دوره جامع فیزیولوژی پزشکی,HEMODYNAMICS PDF,HEMODYNAMICS.pdf,https://plasmato.net/wp-content/uploads/2026/01/HEMODYNAMICS.pdf
دوره جامع فیزیولوژی پزشکی,NORMAL VARIATIONS PDF,NORMAL-VARIATIONS.pdf,https://plasmato.net/wp-content/uploads/2026/01/NORMAL-VARIATIONS.pdf
دوره جامع فیزیولوژی پزشکی,SPECIFIC CIRCULATIONS PDF,SPECIFIC-CIRCULATIONS.pdf,https://plasmato.net/wp-content/uploads/2026/01/SPECIFIC-CIRCULATIONS.pdf
دوره جامع فیزیولوژی پزشکی,ACID_BASE PHYSIOLOGY PDF,ACID_BASE-PHYSIOLOGY.pdf,https://plasmato.net/wp-content/uploads/2026/01/ACID_BASE-PHYSIOLOGY.pdf
دوره جامع فیزیولوژی پزشکی,ANATOMY & PHYSIOLOGY PDF,ANATOMY-PHYSIOLOGY-5.pdf,https://plasmato.net/wp-content/uploads/2026/01/ANATOMY-PHYSIOLOGY-5.pdf
دوره جامع فیزیولوژی پزشکی,FLUIDS IN THE BODY PDF,FLUIDS-IN-THE-BODY.pdf,https://plasmato.net/wp-content/uploads/2026/01/FLUIDS-IN-THE-BODY.pdf
دوره جامع فیزیولوژی پزشکی,RENAL BLOOD FLOW REGULATION PDF,RENAL-BLOOD-FLOW-REGULATION.pdf,https://plasmato.net/wp-content/uploads/2026/01/RENAL-BLOOD-FLOW-REGULATION.pdf
دوره جامع فیزیولوژی پزشکی,RENAL ELECTROLYTE REGULATION PDF,RENAL-ELECTROLYTE-REGULATION.pdf,https://plasmato.net/wp-content/uploads/2026/01/RENAL-ELECTROLYTE-REGULATION.pdf
دوره جامع فیزیولوژی پزشکی,RENAL REABSORPTION & SECRETION PDF,RENAL-REABSORPTION-SECRETION.pdf,https://plasmato.net/wp-content/uploads/2026/01/RENAL-REABSORPTION-SECRETION.pdf
دوره جامع فیزیولوژی پزشکی,WATER REGULATION PDF,WATER-REGULATION.pdf,https://plasmato.net/wp-content/uploads/2026/01/WATER-REGULATION.pdf
دوره جامع فیزیولوژی پزشکی,ANATOMY & PHYSIOLOGY PDF,ANATOMY-PHYSIOLOGY-1.pdf,https://plasmato.net/wp-content/uploads/2026/01/ANATOMY-PHYSIOLOGY-1.pdf
دوره جامع فیزیولوژی پزشکی,DIGESTION & ABSORPTION PDF,DIGESTION-ABSORPTION.pdf,https://plasmato.net/wp-content/uploads/2026/01/DIGESTION-ABSORPTION.pdf
دوره جامع فیزیولوژی پزشکی,GASTROINTESTINAL FUNCTION PDF,GASTROINTESTINAL-FUNCTION.pdf,https://plasmato.net/wp-content/uploads/2026/01/GASTROINTESTINAL-FUNCTION.pdf
دوره جامع فیزیولوژی پزشکی,LIVER GALL BLADDER & PANCREAS PDF,LIVER-GALL-BLADDER-PANCREAS.pdf,https://plasmato.net/wp-content/uploads/2026/01/LIVER-GALL-BLADDER-PANCREAS.pdf
دوره جامع فیزیولوژی پزشکی,UPPER GASTROINTESTINAL TRACK PDF,UPPER-GASTROINTESTINAL-TRACK.pdf,https://plasmato.net/wp-content/uploads/2026/01/UPPER-GASTROINTESTINAL-TRACK.pdf
دوره جامع فیزیولوژی پزشکی,ANATOMY & PHYSIOLOGY PDF,ANATOMY-PHYSIOLOGY-3.pdf,https://plasmato.net/wp-content/uploads/2026/01/ANATOMY-PHYSIOLOGY-3.pdf
دوره جامع فیزیولوژی پزشکی,AUTONOMIC NERVOUS SYSTEM PDF,AUTONOMIC-NERVOUS-SYSTEM.pdf,https://plasmato.net/wp-content/uploads/2026/01/AUTONOMIC-NERVOUS-SYSTEM.pdf
دوره جامع فیزیولوژی پزشکی,BLOOD BRAIN BARRIER & CSF PDF,BLOOD-BRAIN-BARRIER-CSF.pdf,https://plasmato.net/wp-content/uploads/2026/01/BLOOD-BRAIN-BARRIER-CSF.pdf
دوره جامع فیزیولوژی پزشکی,BRAIN FUNCTIONS PDF,BRAIN-FUNCTIONS.pdf,https://plasmato.net/wp-content/uploads/2026/01/BRAIN-FUNCTIONS.pdf
دوره جامع فیزیولوژی پزشکی,MOTOR NERVOUS SYSTEM PDF,MOTOR-NERVOUS-SYSTEM.pdf,https://plasmato.net/wp-content/uploads/2026/01/MOTOR-NERVOUS-SYSTEM.pdf
دوره جامع فیزیولوژی پزشکی,SENSORY NERVOUS SYSTEM PDF,SENSORY-NERVOUS-SYSTEM.pdf,https://plasmato.net/wp-content/uploads/2026/01/SENSORY-NERVOUS-SYSTEM.pdf
دوره جامع فیزیولوژی پزشکی,SPINAL CORD & NERVES PDF,SPINAL-CORD-NERVES.pdf,https://plasmato.net/wp-content/uploads/2026/01/SPINAL-CORD-NERVES.pdf
دوره جامع فیزیولوژی پزشکی,ANATOMY & PHYSIOLOGY PDF,ANATOMY-PHYSIOLOGY-2.pdf,https://plasmato.net/wp-content/uploads/2026/01/ANATOMY-PHYSIOLOGY-2.pdf
دوره جامع فیزیولوژی پزشکی,BREATHING MECHANICS PDF,BREATHING-MECHANICS.pdf,https://plasmato.net/wp-content/uploads/2026/01/BREATHING-MECHANICS.pdf
دوره جامع فیزیولوژی پزشکی,BREATHING REGULATION PDF,BREATHING-REGULATION.pdf,https://plasmato.net/wp-content/uploads/2026/01/BREATHING-REGULATION.pdf
دوره جامع فیزیولوژی پزشکی,GAS EXCHANGE PDF,GAS-EXCHANGE.pdf,https://plasmato.net/wp-content/uploads/2026/01/GAS-EXCHANGE.pdf
دوره جامع فیزیولوژی پزشکی,GAS TRANSPORT PDF,GAS-TRANSPORT.pdf,https://plasmato.net/wp-content/uploads/2026/01/GAS-TRANSPORT.pdf
دوره جامع فیزیولوژی پزشکی,NORMAL VARIATIONS PDF,NORMAL-VARIATIONS-1.pdf,https://plasmato.net/wp-content/uploads/2026/01/NORMAL-VARIATIONS-1.pdf
دوره جامع بیوشیمی و تغذیه  پزشکی,CARBOHYDRATE METABOLISM PDF,CARBOHYDRATE-METABOLISM.pdf,https://plasmato.net/wp-content/uploads/2026/01/CARBOHYDRATE-METABOLISM.pdf
دوره جامع بیوشیمی و تغذیه  پزشکی,FAT & CHOLESTEROL METABOLISM PDF,FAT-CHOLESTEROL-METABOLISM.pdf,https://plasmato.net/wp-content/uploads/2026/01/FAT-CHOLESTEROL-METABOLISM.pdf
دوره جامع بیوشیمی و تغذیه  پزشکی,NUCLEIC ACID METABOLISM PDF,NUCLEIC-ACID-METABOLISM.pdf,https://plasmato.net/wp-content/uploads/2026/01/NUCLEIC-ACID-METABOLISM.pdf
دوره جامع بیوشیمی و تغذیه  پزشکی,PROTEIN METABOLISM PDF,PROTEIN-METABOLISM.pdf,https://plasmato.net/wp-content/uploads/2026/01/PROTEIN-METABOLISM.pdf
دوره جامع بیوشیمی و تغذیه  پزشکی,AMINO ACID METABOLISM DISORDERS PDF,AMINO-ACID-METABOLISM-DISORDERS.pdf,https://plasmato.net/wp-content/uploads/2026/01/AMINO-ACID-METABOLISM-DISORDERS.pdf
دوره جامع بیوشیمی و تغذیه  پزشکی,CARBOHYDRATE METABOLISM DISORDERS PDF,CARBOHYDRATE-METABOLISM-DISORDERS.pdf,https://plasmato.net/wp-content/uploads/2026/01/CARBOHYDRATE-METABOLISM-DISORDERS.pdf
دوره جامع بیوشیمی و تغذیه  پزشکی,CHEMICAL & DRUG TOXICITY PDF,CHEMICAL-DRUG-TOXICITY.pdf,https://plasmato.net/wp-content/uploads/2026/01/CHEMICAL-DRUG-TOXICITY.pdf
دوره جامع بیوشیمی و تغذیه  پزشکی,DYSLIPIDDEMIA PDF,DYSLIPIDDEMIA.pdf,https://plasmato.net/wp-content/uploads/2026/01/DYSLIPIDDEMIA.pdf
دوره جامع بیوشیمی و تغذیه  پزشکی,FAT SOLUBLE VITAMINS DEFICIENCY PDF,FAT-SOLUBLE-VITAMINS-DEFICIENCY.pdf,https://plasmato.net/wp-content/uploads/2026/01/FAT-SOLUBLE-VITAMINS-DEFICIENCY.pdf
دوره جامع بیوشیمی و تغذیه  پزشکی,GLYCOGEN STORAGE DISEASES (GSD) PDF,GLYCOGEN-STORAGE-DISEASES-GSD.pdf,https://plasmato.net/wp-content/uploads/2026/01/GLYCOGEN-STORAGE-DISEASES-GSD.pdf
دوره جامع بیوشیمی و تغذیه  پزشکی,HYPERVITAMINOSIS PDF,HYPERVITAMINOSIS.pdf,https://plasmato.net/wp-content/uploads/2026/01/HYPERVITAMINOSIS.pdf
دوره جامع بیوشیمی و تغذیه  پزشکی,MALNUTRITION PDF,MALNUTRITION.pdf,https://plasmato.net/wp-content/uploads/2026/01/MALNUTRITION.pdf
دوره جامع بیوشیمی و تغذیه  پزشکی,MINERAL DEFICIENCIES PDF,MINERAL-DEFICIENCIES.pdf,https://plasmato.net/wp-content/uploads/2026/01/MINERAL-DEFICIENCIES.pdf
دوره جامع بیوشیمی و تغذیه  پزشکی,MITOCHONDRIAL DISEASE PDF,MITOCHONDRIAL-DISEASE.pdf,https://plasmato.net/wp-content/uploads/2026/01/MITOCHONDRIAL-DISEASE.pdf
دوره جامع بیوشیمی و تغذیه  پزشکی,MUCOPOLYSACCHARIDOSIS PDF,MUCOPOLYSACCHARIDOSIS.pdf,https://plasmato.net/wp-content/uploads/2026/01/MUCOPOLYSACCHARIDOSIS.pdf
دوره جامع بیوشیمی و تغذیه  پزشکی,PURINE & PYRIMIDINE METABOLISM DISORERS PDF,PURINE-PYRIMIDINE-METABOLISM-DISORERS.pdf,https://plasmato.net/wp-content/uploads/2026/01/PURINE-PYRIMIDINE-METABOLISM-DISORERS.pdf
دوره جامع بیوشیمی و تغذیه  پزشکی,SPHINGOLIPIDOSIS PDF,SPHINGOLIPIDOSIS.pdf,https://plasmato.net/wp-content/uploads/2026/01/SPHINGOLIPIDOSIS.pdf
دوره جامع بیوشیمی و تغذیه  پزشکی,WATER SOLUBLE VITAMINS DEFICIENCY PDF,WATER-SOLUBLE-VITAMINS-DEFICIENCY.pdf,https://plasmato.net/wp-content/uploads/2026/01/WATER-SOLUBLE-VITAMINS-DEFICIENCY.pdf
دوره جامع جنین‌شناسی پزشکی,Weeks 1-4 PDF,Weeks-1-4.pdf,https://plasmato.net/wp-content/uploads/2026/01/Weeks-1-4.pdf
دوره جامع جنین‌شناسی پزشکی,Germ layers PDF,Germ-layers.pdf,https://plasmato.net/wp-content/uploads/2025/11/Germ-layers.pdf
دوره جامع جنین‌شناسی پزشکی,Early structures PDF,Early-structures.pdf,https://plasmato.net/wp-content/uploads/2026/01/Early-structures.pdf
دوره جامع جنین‌شناسی پزشکی,Development of the limbs PDF,Development-of-the-limbs.pdf,https://plasmato.net/wp-content/uploads/2026/01/Development-of-the-limbs.pdf
دوره جامع جنین‌شناسی پزشکی,Development of the integumentary system PDF,Development-of-the-integumentary-system.pdf,https://plasmato.net/wp-content/uploads/2026/01/Development-of-the-integumentary-system.pdf
دوره جامع جنین‌شناسی پزشکی,Development of the eye PDF,Development-of-the-eye.pdf,https://plasmato.net/wp-content/uploads/2026/01/Development-of-the-eye.pdf
دوره جامع جنین‌شناسی پزشکی,Development of the ear PDF,Development-of-the-ear-1.pdf,https://plasmato.net/wp-content/uploads/2026/01/Development-of-the-ear-1.pdf
دوره جامع جنین‌شناسی پزشکی,Development of the digestive system and body cavities PDF,Development-of-the-digestive-system-and-body-cavities.pdf,https://plasmato.net/wp-content/uploads/2026/01/Development-of-the-digestive-system-and-body-cavities.pdf
دوره جامع جنین‌شناسی پزشکی,Development of the axial skeleton PDF,Development-of-the-axial-skeleton.pdf,https://plasmato.net/wp-content/uploads/2026/01/Development-of-the-axial-skeleton.pdf
دوره جامع جنین‌شناسی پزشکی,Cardiovascular system PDF,Cardiovascular-system-1.pdf,https://plasmato.net/wp-content/uploads/2026/01/Cardiovascular-system-1.pdf
دوره جامع جنین‌شناسی پزشکی,Ectoderm,Germ-layers.pdf,https://plasmato.net/wp-content/uploads/2025/11/Germ-layers.pdf
دوره جامع جنین‌شناسی پزشکی,Endoderm,Germ-layers.pdf,https://plasmato.net/wp-content/uploads/2025/11/Germ-layers.pdf
دوره جامع جنین‌شناسی پزشکی,Mesoderm,Germ-layers.pdf,https://plasmato.net/wp-content/uploads/2025/11/Germ-layers.pdf
دوره جامع ژنتیک و زیست مولکولی پزشکی,POPULATION GENETICS PDF,POPULATION-GENETICS.pdf,https://plasmato.net/wp-content/uploads/2026/01/POPULATION-GENETICS.pdf
دوره جامع ژنتیک و زیست مولکولی پزشکی,TRANSCRIPTION TRANSLATION & REPLICATION PDF,TRANSCRIPTION-TRANSLATION-REPLICATION.pdf,https://plasmato.net/wp-content/uploads/2026/01/TRANSCRIPTION-TRANSLATION-REPLICATION.pdf
دوره جامع ژنتیک و زیست مولکولی پزشکی,CHIROMOSOMAL DELETION SYNDROMES PDF,CHIROMOSOMAL-DELETION-SYNDROMES.pdf,https://plasmato.net/wp-content/uploads/2026/01/CHIROMOSOMAL-DELETION-SYNDROMES.pdf
دوره جامع ژنتیک و زیست مولکولی پزشکی,CONNECTIVE TISSUE DISORDERS PDF,CONNECTIVE-TISSUE-DISORDERS.pdf,https://plasmato.net/wp-content/uploads/2026/01/CONNECTIVE-TISSUE-DISORDERS.pdf
دوره جامع ژنتیک و زیست مولکولی پزشکی,DNA REPLICATION & REPAIR DISORDERS PDF,DNA-REPLICATION-REPAIR-DISORDERS.pdf,https://plasmato.net/wp-content/uploads/2026/01/DNA-REPLICATION-REPAIR-DISORDERS.pdf
دوره جامع ژنتیک و زیست مولکولی پزشکی,GENETIC MUTATIONS PDF,GENETIC-MUTATIONS.pdf,https://plasmato.net/wp-content/uploads/2026/01/GENETIC-MUTATIONS.pdf
دوره جامع ژنتیک و زیست مولکولی پزشکی,IMPRINTING DISORDERS PDF,IMPRINTING-DISORDERS.pdf,https://plasmato.net/wp-content/uploads/2026/01/IMPRINTING-DISORDERS.pdf
دوره جامع ژنتیک و زیست مولکولی پزشکی,SEX CHROMOSOME DISORDERS PDF,SEX-CHROMOSOME-DISORDERS.pdf,https://plasmato.net/wp-content/uploads/2026/01/SEX-CHROMOSOME-DISORDERS.pdf
دوره جامع ژنتیک و زیست مولکولی پزشکی,TRINUCLEOTIDE REPEAT EXPANSION DISEASES PDF,TRINUCLEOTIDE-REPEAT-EXPANSION-DISEASES.pdf,https://plasmato.net/wp-content/uploads/2026/01/TRINUCLEOTIDE-REPEAT-EXPANSION-DISEASES.pdf
دوره جامع ژنتیک و زیست مولکولی پزشکی,TRISOMIES,TRISOMIES.pdf,https://plasmato.net/wp-content/uploads/2026/01/TRISOMIES.pdf
دوره جامع ایمنی‌شناسی پزشکی,B & T CELLS PDF,B-T-CELLS.pdf,https://plasmato.net/wp-content/uploads/2026/01/B-T-CELLS.pdf
دوره جامع ایمنی‌شناسی پزشکی,CONTRACTION OF THE IMMUNE PDF,CONTRACTION-OF-THE-IMMUNE.pdf,https://plasmato.net/wp-content/uploads/2026/01/CONTRACTION-OF-THE-IMMUNE.pdf
دوره جامع ایمنی‌شناسی پزشکی,IMMUNE SYSTEM PDF,IMMUNE-SYSTEM.pdf,https://plasmato.net/wp-content/uploads/2026/01/IMMUNE-SYSTEM.pdf
دوره جامع ایمنی‌شناسی پزشکی,INNATE IMMUNITY PDF,INNATE-IMMUNITY.pdf,https://plasmato.net/wp-content/uploads/2026/01/INNATE-IMMUNITY.pdf
دوره جامع ایمنی‌شناسی پزشکی,COMBINED B-CELL & T-CELL DEFICIENCIES PDF,COMBINED-B-CELL-T-CELL-DEFICIENCIES.pdf,https://plasmato.net/wp-content/uploads/2026/01/COMBINED-B-CELL-T-CELL-DEFICIENCIES.pdf
دوره جامع ایمنی‌شناسی پزشکی,COMPLEMENT DEFICIENCIES PDF,COMPLEMENT-DEFICIENCIES.pdf,https://plasmato.net/wp-content/uploads/2026/01/COMPLEMENT-DEFICIENCIES.pdf
دوره جامع ایمنی‌شناسی پزشکی,HUMORAL & B-CELL DEFICIENCIES PDF,HUMORAL-B-CELL-DEFICIENCIES.pdf,https://plasmato.net/wp-content/uploads/2026/01/HUMORAL-B-CELL-DEFICIENCIES.pdf
دوره جامع ایمنی‌شناسی پزشکی,HYPERSENSITIVITY REACTIONS (MULTIPLE MECHANISMS) PDF,HYPERSENSITIVITY-REACTIONS-MULTIPLE-MECHANISMS.pdf,https://plasmato.net/wp-content/uploads/2026/01/HYPERSENSITIVITY-REACTIONS-MULTIPLE-MECHANISMS.pdf
دوره جامع ایمنی‌شناسی پزشکی,PHAGOCYTE DEFICIENCIES PDF,PHAGOCYTE-DEFICIENCIES.pdf,https://plasmato.net/wp-content/uploads/2026/01/PHAGOCYTE-DEFICIENCIES.pdf
دوره جامع ایمنی‌شناسی پزشکی,T-CELL DIFICIENCIES PDF,T-CELL-DIFICIENCIES.pdf,https://plasmato.net/wp-content/uploads/2026/01/T-CELL-DIFICIENCIES.pdf
دوره جامع ایمنی‌شناسی پزشکی,TYPE 2 HYPERSENSITIVITY REACTIONS PDF,TYPE-2-HYPERSENSITIVITY-REACTIONS.pdf,https://plasmato.net/wp-content/uploads/2026/01/TYPE-2-HYPERSENSITIVITY-REACTIONS.pdf
دوره جامع ایمنی‌شناسی پزشکی,TYPE 3 HYPERSENSITIVITY REACTIONS PDF,TYPE-3-HYPERSENSITIVITY-REACTIONS.pdf,https://plasmato.net/wp-content/uploads/2026/01/TYPE-3-HYPERSENSITIVITY-REACTIONS.pdf
دوره جامع ایمنی‌شناسی پزشکی,TYPE 4 HYPERSENSITIVITY REACTIONS PDF,TYPE-4-HYPERSENSITIVITY-REACTIONS.pdf,https://plasmato.net/wp-content/uploads/2026/01/TYPE-4-HYPERSENSITIVITY-REACTIONS.pdf
دوره جامع میکروبیولوژی پزشکی,ADENOVIRIDAE PDF,ADENOVIRIDAE.pdf,https://plasmato.net/wp-content/uploads/2026/01/ADENOVIRIDAE.pdf
دوره جامع میکروبیولوژی پزشکی,AEROBIC RODS PDF,AEROBIC-RODS.pdf,https://plasmato.net/wp-content/uploads/2026/01/AEROBIC-RODS.pdf
دوره جامع میکروبیولوژی پزشکی,ANAEROBIC RODS PDF,ANAEROBIC-RODS.pdf,https://plasmato.net/wp-content/uploads/2026/01/ANAEROBIC-RODS.pdf
دوره جامع میکروبیولوژی پزشکی,ARENAVIRIDAE PDF,ARENAVIRIDAE.pdf,https://plasmato.net/wp-content/uploads/2026/01/ARENAVIRIDAE.pdf
دوره جامع میکروبیولوژی پزشکی,BUNYAVIRUSES PDF,BUNYAVIRUSES.pdf,https://plasmato.net/wp-content/uploads/2026/01/BUNYAVIRUSES.pdf
دوره جامع میکروبیولوژی پزشکی,CALICVIRUSES PDF,CALICVIRUSES.pdf,https://plasmato.net/wp-content/uploads/2026/01/CALICVIRUSES.pdf
دوره جامع میکروبیولوژی پزشکی,CENTRAL NERVOUS SYSTEM INFECTIONS PDF,CENTRAL-NERVOUS-SYSTEM-INFECTIONS.pdf,https://plasmato.net/wp-content/uploads/2026/01/CENTRAL-NERVOUS-SYSTEM-INFECTIONS.pdf
دوره جامع میکروبیولوژی پزشکی,CESTODES (TAPEWORMS) PDF,CESTODES-TAPEWORMS.pdf,https://plasmato.net/wp-content/uploads/2026/01/CESTODES-TAPEWORMS.pdf
دوره جامع میکروبیولوژی پزشکی,CHLAMYDIA PDF,CHLAMYDIA.pdf,https://plasmato.net/wp-content/uploads/2026/01/CHLAMYDIA.pdf
دوره جامع میکروبیولوژی پزشکی,COCCOBACILLI ( AEROBES ) PDF,COCCOBACILLI-AEROBES-.pdf,https://plasmato.net/wp-content/uploads/2026/01/COCCOBACILLI-AEROBES-.pdf
دوره جامع میکروبیولوژی پزشکی,COCCOBACILLI (FACULTATIVE ANAEROBES) PDF,COCCOBACILLI-FACULTATIVE-ANAEROBES.pdf,https://plasmato.net/wp-content/uploads/2026/01/COCCOBACILLI-FACULTATIVE-ANAEROBES.pdf
دوره جامع میکروبیولوژی پزشکی,CORONAVIRUSES PDF,CORONAVIRUSES.pdf,https://plasmato.net/wp-content/uploads/2026/01/CORONAVIRUSES.pdf
دوره جامع میکروبیولوژی پزشکی,CUTANEOUS FUNGAL INFECTIONS PDF,CUTANEOUS-FUNGAL-INFECTIONS.pdf,https://plasmato.net/wp-content/uploads/2026/01/CUTANEOUS-FUNGAL-INFECTIONS.pdf
دوره جامع میکروبیولوژی پزشکی,DIPLOCOCCI (AEROBIC) PDF,DIPLOCOCCI-AEROBIC-1.pdf,https://plasmato.net/wp-content/uploads/2026/01/DIPLOCOCCI-AEROBIC-1.pdf
دوره جامع میکروبیولوژی پزشکی,ECTOPARASITES PDF,ECTOPARASITES.pdf,https://plasmato.net/wp-content/uploads/2026/01/ECTOPARASITES.pdf
دوره جامع میکروبیولوژی پزشکی,ENTEROCOCCUS PDF,ENTEROCOCCUS.pdf,https://plasmato.net/wp-content/uploads/2026/01/ENTEROCOCCUS.pdf
دوره جامع میکروبیولوژی پزشکی,FILAMENTS PDF,FILAMENTS.pdf,https://plasmato.net/wp-content/uploads/2026/01/FILAMENTS.pdf
دوره جامع میکروبیولوژی پزشکی,FILOVIRUSES PDF,FILOVIRUSES.pdf,https://plasmato.net/wp-content/uploads/2026/01/FILOVIRUSES.pdf
دوره جامع میکروبیولوژی پزشکی,FLAVIVIRUSES PDF,FLAVIVIRUSES.pdf,https://plasmato.net/wp-content/uploads/2026/01/FLAVIVIRUSES.pdf
دوره جامع میکروبیولوژی پزشکی,GASTROINTESTINAL INFECTIONS PDF,GASTROINTESTINAL-INFECTIONS.pdf,https://plasmato.net/wp-content/uploads/2026/01/GASTROINTESTINAL-INFECTIONS.pdf
دوره جامع میکروبیولوژی پزشکی,GENERAL INFECTIONS PDF,GENERAL-INFECTIONS.pdf,https://plasmato.net/wp-content/uploads/2026/01/GENERAL-INFECTIONS.pdf
دوره جامع میکروبیولوژی پزشکی,GRAM VARIABLE PDF,GRAM-VARIABLE.pdf,https://plasmato.net/wp-content/uploads/2026/01/GRAM-VARIABLE.pdf
دوره جامع میکروبیولوژی پزشکی,HEMATOLOGIC INFECTIONS PDF,HEMATOLOGIC-INFECTIONS.pdf,https://plasmato.net/wp-content/uploads/2026/01/HEMATOLOGIC-INFECTIONS.pdf
دوره جامع میکروبیولوژی پزشکی,HEPADNAVIRIDAE PDF,HEPADNAVIRIDAE.pdf,https://plasmato.net/wp-content/uploads/2026/01/HEPADNAVIRIDAE.pdf
دوره جامع میکروبیولوژی پزشکی,HERPESVIRUSES PDF,HERPESVIRUSES.pdf,https://plasmato.net/wp-content/uploads/2026/01/HERPESVIRUSES.pdf
دوره جامع میکروبیولوژی پزشکی,LEISHMANIA PDF,LEISHMANIA.pdf,https://plasmato.net/wp-content/uploads/2026/01/LEISHMANIA.pdf
دوره جامع میکروبیولوژی پزشکی,MYCOPLASMA PDF,MYCOPLASMA.pdf,https://plasmato.net/wp-content/uploads/2026/01/MYCOPLASMA.pdf
دوره جامع میکروبیولوژی پزشکی,NEMATODES (ROUNDWORMS) PDF,NEMATODES-ROUNDWORMS.pdf,https://plasmato.net/wp-content/uploads/2026/01/NEMATODES-ROUNDWORMS.pdf
دوره جامع میکروبیولوژی پزشکی,NON TUBERCULOUS MYCOBACTERIUM PDF,NON-TUBERCULOUS-MYCOBACTERIUM.pdf,https://plasmato.net/wp-content/uploads/2026/01/NON-TUBERCULOUS-MYCOBACTERIUM.pdf
دوره جامع میکروبیولوژی پزشکی,OPPORTUNISTIC FUNGAL INFECTIONS PDF,OPPORTUNISTIC-FUNGAL-INFECTIONS.pdf,https://plasmato.net/wp-content/uploads/2026/01/OPPORTUNISTIC-FUNGAL-INFECTIONS.pdf
دوره جامع میکروبیولوژی پزشکی,ORTHOMYXOVIRUSES PDF,ORTHOMYXOVIRUSES.pdf,https://plasmato.net/wp-content/uploads/2026/01/ORTHOMYXOVIRUSES.pdf
دوره جامع میکروبیولوژی پزشکی,PAPILLOMAVIRUS PDF,PAPILLOMAVIRUS.pdf,https://plasmato.net/wp-content/uploads/2026/01/PAPILLOMAVIRUS.pdf
دوره جامع میکروبیولوژی پزشکی,PARAMYXOVIRUSES PDF,PARAMYXOVIRUSES.pdf,https://plasmato.net/wp-content/uploads/2026/01/PARAMYXOVIRUSES.pdf
دوره جامع میکروبیولوژی پزشکی,PICORNAVIRUSES PDF,PICORNAVIRUSES.pdf,https://plasmato.net/wp-content/uploads/2026/01/PICORNAVIRUSES.pdf
دوره جامع میکروبیولوژی پزشکی,POLYOMAVIRUS PDF,POLYOMAVIRUS.pdf,https://plasmato.net/wp-content/uploads/2026/01/POLYOMAVIRUS.pdf
دوره جامع میکروبیولوژی پزشکی,POXVIRIDAE PDF,POXVIRIDAE.pdf,https://plasmato.net/wp-content/uploads/2026/01/POXVIRIDAE.pdf
دوره جامع میکروبیولوژی پزشکی,REOVIRUSES PDF,REOVIRUSES.pdf,https://plasmato.net/wp-content/uploads/2026/01/REOVIRUSES.pdf
دوره جامع میکروبیولوژی پزشکی,RETROVIRUSES PDF,RETROVIRUSES.pdf,https://plasmato.net/wp-content/uploads/2026/01/RETROVIRUSES.pdf
دوره جامع میکروبیولوژی پزشکی,RHABDOVIRUSES PDF,RHABDOVIRUSES.pdf,https://plasmato.net/wp-content/uploads/2026/01/RHABDOVIRUSES.pdf
دوره جامع میکروبیولوژی پزشکی,RICKETTSIAL DISEASES PDF,RICKETTSIAL-DISEASES.pdf,https://plasmato.net/wp-content/uploads/2026/01/RICKETTSIAL-DISEASES.pdf
دوره جامع میکروبیولوژی پزشکی,RODS PDF,RODS.pdf,https://plasmato.net/wp-content/uploads/2026/01/RODS.pdf
دوره جامع میکروبیولوژی پزشکی,SPIROCHETES PDF,SPIROCHETES.pdf,https://plasmato.net/wp-content/uploads/2026/01/SPIROCHETES.pdf
دوره جامع میکروبیولوژی پزشکی,STAPHYLOCOCCUS PDF,STAPHYLOCOCCUS.pdf,https://plasmato.net/wp-content/uploads/2026/01/STAPHYLOCOCCUS.pdf
دوره جامع میکروبیولوژی پزشکی,STREPTOCOCCUS PDF,STREPTOCOCCUS.pdf,https://plasmato.net/wp-content/uploads/2026/01/STREPTOCOCCUS.pdf
دوره جامع میکروبیولوژی پزشکی,SYSTEMIC MYCOSES PDF,SYSTEMIC-MYCOSES.pdf,https://plasmato.net/wp-content/uploads/2026/01/SYSTEMIC-MYCOSES.pdf
دوره جامع میکروبیولوژی پزشکی,TOGAVIRUSES PDF,TOGAVIRUSES.pdf,https://plasmato.net/wp-content/uploads/2026/01/TOGAVIRUSES.pdf
دوره جامع میکروبیولوژی پزشکی,TREMATODES (FLATWORMS) PDF,TREMATODES-FLATWORMS.pdf,https://plasmato.net/wp-content/uploads/2026/01/TREMATODES-FLATWORMS.pdf
دوره جامع میکروبیولوژی پزشکی,TRICHOMONA PDF,TRICHOMONA.pdf,https://plasmato.net/wp-content/uploads/2026/01/TRICHOMONA.pdf
دوره جامع میکروبیولوژی پزشکی,TRYPANOSOMA PDF,TRYPANOSOMA.pdf,https://plasmato.net/wp-content/uploads/2026/01/TRYPANOSOMA.pdf
دوره جامع میکروبیولوژی پزشکی,TUBERCULOSIS PDF,TUBERCULOSIS.pdf,https://plasmato.net/wp-content/uploads/2026/01/TUBERCULOSIS.pdf
دوره جامع پاتولوژی پزشکی,ACUTE RESPIRATORY DISEASE PDF,ACUTE-RESPIRATORY-DISEASE.pdf,https://plasmato.net/wp-content/uploads/2026/02/ACUTE-RESPIRATORY-DISEASE.pdf
دوره جامع پاتولوژی پزشکی,LOWER RESPIRATORY TRACK CONGENITAL MALFORMATIONS PDF,LOWER-RESPIRATORY-TRACK-CONGENITAL-MALFORMATIONS.pdf,https://plasmato.net/wp-content/uploads/2026/02/LOWER-RESPIRATORY-TRACK-CONGENITAL-MALFORMATIONS.pdf
دوره جامع پاتولوژی پزشکی,LOWER RESPIRATORY TRACK INFECTION PDF,LOWER-RESPIRATORY-TRACK-INFECTION.pdf,https://plasmato.net/wp-content/uploads/2026/02/LOWER-RESPIRATORY-TRACK-INFECTION.pdf
دوره جامع پاتولوژی پزشکی,OBSTRUCTIVE LUNG DISEASE PDF,OBSTRUCTIVE-LUNG-DISEASE.pdf,https://plasmato.net/wp-content/uploads/2026/02/OBSTRUCTIVE-LUNG-DISEASE.pdf
دوره جامع پاتولوژی پزشکی,PERINATAL ACUTE RESPIRATORY DISEASE PDF,PERINATAL-ACUTE-RESPIRATORY-DISEASE.pdf,https://plasmato.net/wp-content/uploads/2026/02/PERINATAL-ACUTE-RESPIRATORY-DISEASE.pdf
دوره جامع پاتولوژی پزشکی,PLEURA & PLEURAL SPACE PDF,PLEURA-PLEURAL-SPACE.pdf,https://plasmato.net/wp-content/uploads/2026/02/PLEURA-PLEURAL-SPACE.pdf
دوره جامع پاتولوژی پزشکی,PULMONARY VASCULAR DISEASE PDF,PULMONARY-VASCULAR-DISEASE.pdf,https://plasmato.net/wp-content/uploads/2026/02/PULMONARY-VASCULAR-DISEASE.pdf
دوره جامع پاتولوژی پزشکی,RESPIRATORY TUMORS PDF,RESPIRATORY-TUMORS.pdf,https://plasmato.net/wp-content/uploads/2026/02/RESPIRATORY-TUMORS.pdf
دوره جامع پاتولوژی پزشکی,RESTRICTIVE LUNG DISEASE PDF,RESTRICTIVE-LUNG-DISEASE.pdf,https://plasmato.net/wp-content/uploads/2026/02/RESTRICTIVE-LUNG-DISEASE.pdf
دوره جامع پاتولوژی پزشکی,SLEEP-RELATED RESPIRATORY DISEASE PDF,SLEEP-RELATED-RESPIRATORY-DISEASE.pdf,https://plasmato.net/wp-content/uploads/2026/02/SLEEP-RELATED-RESPIRATORY-DISEASE.pdf
دوره جامع پاتولوژی پزشکی,UPPER RESPIRATORY TRACK CONGENITAL MALFORMATIONS PDF,UPPER-RESPIRATORY-TRACK-CONGENITAL-MALFORMATIONS.pdf,https://plasmato.net/wp-content/uploads/2026/02/UPPER-RESPIRATORY-TRACK-CONGENITAL-MALFORMATIONS.pdf
دوره جامع پاتولوژی پزشکی,UPPER RESPIRATORY TRACK PDF,UPPER-RESPIRATORY-TRACK.pdf,https://plasmato.net/wp-content/uploads/2026/02/UPPER-RESPIRATORY-TRACK.pdf
دوره جامع پاتولوژی پزشکی,ADRENAL HYPERFUNCTION PDF,ADRENAL-HYPERFUNCTION.pdf,https://plasmato.net/wp-content/uploads/2026/01/ADRENAL-HYPERFUNCTION.pdf
دوره جامع پاتولوژی پزشکی,ADRENAL HYPERPLASIA PDF,ADRENAL-HYPERPLASIA.pdf,https://plasmato.net/wp-content/uploads/2026/01/ADRENAL-HYPERPLASIA.pdf
دوره جامع پاتولوژی پزشکی,ADRENAL HYPOFUNCTION PDF,ADRENAL-HYPOFUNCTION.pdf,https://plasmato.net/wp-content/uploads/2026/01/ADRENAL-HYPOFUNCTION.pdf
دوره جامع پاتولوژی پزشکی,DIABETES MELLITUS PDF,DIABETES-MELLITUS.pdf,https://plasmato.net/wp-content/uploads/2026/01/DIABETES-MELLITUS.pdf
دوره جامع پاتولوژی پزشکی,ENDOCRINE TUMORS PDF,ENDOCRINE-TUMORS.pdf,https://plasmato.net/wp-content/uploads/2026/01/ENDOCRINE-TUMORS.pdf
دوره جامع پاتولوژی پزشکی,GONADAL DYSFUNCTION PDF,GONADAL-DYSFUNCTION.pdf,https://plasmato.net/wp-content/uploads/2026/01/GONADAL-DYSFUNCTION.pdf
دوره جامع پاتولوژی پزشکی,HYPERPARATHYROIDISM & HYPOPARATHYROIDISM PDF,HYPERPARATHYROIDISM-HYPOPARATHYROIDISM.pdf,https://plasmato.net/wp-content/uploads/2026/01/HYPERPARATHYROIDISM-HYPOPARATHYROIDISM.pdf
دوره جامع پاتولوژی پزشکی,HYPERPITUITARISM & HYPOPITUITARISM PDF,HYPERPITUITARISM-HYPOPITUITARISM.pdf,https://plasmato.net/wp-content/uploads/2026/01/HYPERPITUITARISM-HYPOPITUITARISM.pdf
دوره جامع پاتولوژی پزشکی,HYPERTHYROIDISM & HYPOTHYROIDISM PDF,HYPERTHYROIDISM-HYPOTHYROIDISM.pdf,https://plasmato.net/wp-content/uploads/2026/01/HYPERTHYROIDISM-HYPOTHYROIDISM.pdf
دوره جامع پاتولوژی پزشکی,NEUROENDOCRINE TUMORS PDF,NEUROENDOCRINE-TUMORS.pdf,https://plasmato.net/wp-content/uploads/2026/01/NEUROENDOCRINE-TUMORS.pdf
دوره جامع پاتولوژی پزشکی,THYROIDITIS PDF,THYROIDITIS.pdf,https://plasmato.net/wp-content/uploads/2026/01/THYROIDITIS.pdf
دوره جامع پاتولوژی پزشکی,ACUTE CORONARY SYNDROMES PDF,ACUTE-CORONARY-SYNDROMES-1.pdf,https://plasmato.net/wp-content/uploads/2026/01/ACUTE-CORONARY-SYNDROMES-1.pdf
دوره جامع پاتولوژی پزشکی,ACYANOTIC DEFECTS PDF,ACYANOTIC-DEFECTS-1.pdf,https://plasmato.net/wp-content/uploads/2026/01/ACYANOTIC-DEFECTS-1.pdf
دوره جامع پاتولوژی پزشکی,ANEURYSMS & DISSECTION PDF,ANEURYSMS-DISSECTION-1.pdf,https://plasmato.net/wp-content/uploads/2026/01/ANEURYSMS-DISSECTION-1.pdf
دوره جامع پاتولوژی پزشکی,BRADYCARDIA & HEART BLOCK PDF,BRADYCARDIA-HEART-BLOCK-2.pdf,https://plasmato.net/wp-content/uploads/2026/01/BRADYCARDIA-HEART-BLOCK-2.pdf
دوره جامع پاتولوژی پزشکی,CARDIAC TUMORS PDF,CARDIAC-TUMORS-1.pdf,https://plasmato.net/wp-content/uploads/2026/01/CARDIAC-TUMORS-1.pdf
دوره جامع پاتولوژی پزشکی,CARDIOMYOPATHY PDF,CARDIOMYOPATHY-1.pdf,https://plasmato.net/wp-content/uploads/2026/01/CARDIOMYOPATHY-1.pdf
دوره جامع پاتولوژی پزشکی,CORONARY ARTERY DISEASE PDF,CORONARY-ARTERY-DISEASE-1.pdf,https://plasmato.net/wp-content/uploads/2026/01/CORONARY-ARTERY-DISEASE-1.pdf
دوره جامع پاتولوژی پزشکی,CYANOTIC DEFECTS PDF,CYANOTIC-DEFECTS-1.pdf,https://plasmato.net/wp-content/uploads/2026/01/CYANOTIC-DEFECTS-1.pdf
دوره جامع پاتولوژی پزشکی,HEART FAILURE PDF,HEART-FAILURE-1.pdf,https://plasmato.net/wp-content/uploads/2026/01/HEART-FAILURE-1.pdf
دوره جامع پاتولوژی پزشکی,HEART VALVE DISEASE PDF,HEART-VALVE-DISEASE-1.pdf,https://plasmato.net/wp-content/uploads/2026/01/HEART-VALVE-DISEASE-1.pdf
دوره جامع پاتولوژی پزشکی,HYPERTENSION & HYPOTENSION PDF,HYPERTENSION-HYPOTENSION-1.pdf,https://plasmato.net/wp-content/uploads/2026/01/HYPERTENSION-HYPOTENSION-1.pdf
دوره جامع پاتولوژی پزشکی,INFECTIONS & INFLAMMATION OF THE HEART PDF,INFECTIONS-INFLAMMATION-OF-THE-HEART-1.pdf,https://plasmato.net/wp-content/uploads/2026/01/INFECTIONS-INFLAMMATION-OF-THE-HEART-1.pdf
دوره جامع پاتولوژی پزشکی,PERICARDIAL DISEASE PDF,PERICARDIAL-DISEASE-1.pdf,https://plasmato.net/wp-content/uploads/2026/01/PERICARDIAL-DISEASE-1.pdf
دوره جامع پاتولوژی پزشکی,PERIPHERAL ARTERY DISEASE PDF,PERIPHERAL-ARTERY-DISEASE-1.pdf,https://plasmato.net/wp-content/uploads/2026/01/PERIPHERAL-ARTERY-DISEASE-1.pdf
دوره جامع پاتولوژی پزشکی,PRE-EXCITATION DISORDERS PDF,PRE-EXCITATION-DISORDERS-1.pdf,https://plasmato.net/wp-content/uploads/2026/01/PRE-EXCITATION-DISORDERS-1.pdf
دوره جامع پاتولوژی پزشکی,PREMATURE CONTRACTION PDF,PREMATURE-CONTRACTION-1.pdf,https://plasmato.net/wp-content/uploads/2026/01/PREMATURE-CONTRACTION-1.pdf
دوره جامع پاتولوژی پزشکی,SHOCK PDF,SHOCK.pdf,https://plasmato.net/wp-content/uploads/2026/01/SHOCK.pdf
دوره جامع پاتولوژی پزشکی,SUDDEN CARDIAC DEATH PDF,SUDDEN-CARDIAC-DEATH-2.pdf,https://plasmato.net/wp-content/uploads/2026/01/SUDDEN-CARDIAC-DEATH-2.pdf
دوره جامع پاتولوژی پزشکی,SUPRAVENTRICULAR TACHYCARDIA PDF,SUPRAVENTRICULAR-TACHYCARDIA-1.pdf,https://plasmato.net/wp-content/uploads/2026/01/SUPRAVENTRICULAR-TACHYCARDIA-1.pdf
دوره جامع پاتولوژی پزشکی,VASCULAR COMPRESSION SYNDROMES PDF,VASCULAR-COMPRESSION-SYNDROMES-1.pdf,https://plasmato.net/wp-content/uploads/2026/01/VASCULAR-COMPRESSION-SYNDROMES-1.pdf
دوره جامع پاتولوژی پزشکی,VASCULAR MALFORMATIONS PDF,VASCULAR-MALFORMATIONS-1.pdf,https://plasmato.net/wp-content/uploads/2026/01/VASCULAR-MALFORMATIONS-1.pdf
دوره جامع پاتولوژی پزشکی,VASCULAR STEAL SYNDROMES PDF,VASCULAR-STEAL-SYNDROMES-1.pdf,https://plasmato.net/wp-content/uploads/2026/01/VASCULAR-STEAL-SYNDROMES-1.pdf
دوره جامع پاتولوژی پزشکی,VASCULAR TUMORS PDF,VASCULAR-TUMORS-1.pdf,https://plasmato.net/wp-content/uploads/2026/01/VASCULAR-TUMORS-1.pdf
دوره جامع پاتولوژی پزشکی,VASCULITIES PDF,VASCULITIES.pdf,https://plasmato.net/wp-content/uploads/2026/01/VASCULITIES.pdf
دوره جامع پاتولوژی پزشکی,VENOUS DYSFUNCTION PDF,VENOUS-DYSFUNCTION.pdf,https://plasmato.net/wp-content/uploads/2026/01/VENOUS-DYSFUNCTION.pdf
دوره جامع پاتولوژی پزشکی,VENTRICULAR TACHYCARDIA PDF,VENTRICULAR-TACHYCARDIA.pdf,https://plasmato.net/wp-content/uploads/2026/01/VENTRICULAR-TACHYCARDIA.pdf
دوره جامع پاتولوژی پزشکی,BILIARY TRACT DISEASES PDF,BILIARY-TRACT-DISEASES.pdf,https://plasmato.net/wp-content/uploads/2026/01/BILIARY-TRACT-DISEASES.pdf
دوره جامع پاتولوژی پزشکی,COLORECTAL POLYP CONDITIONS  PDF,COLORECTAL-POLYP-CONDITIONS.pdf,https://plasmato.net/wp-content/uploads/2026/01/COLORECTAL-POLYP-CONDITIONS.pdf
دوره جامع پاتولوژی پزشکی,ESOPHAGEAL DISEASE PDF,ESOPHAGEAL-DISEASE.pdf,https://plasmato.net/wp-content/uploads/2026/01/ESOPHAGEAL-DISEASE.pdf
دوره جامع پاتولوژی پزشکی,GASTRIC DISEASE PDF,GASTRIC-DISEASE.pdf,https://plasmato.net/wp-content/uploads/2026/01/GASTRIC-DISEASE.pdf
دوره جامع پاتولوژی پزشکی,GASTROINTESTINAL CANCERS PDF,GASTROINTESTINAL-CANCERS.pdf,https://plasmato.net/wp-content/uploads/2026/01/GASTROINTESTINAL-CANCERS.pdf
دوره جامع پاتولوژی پزشکی,INFLAMMATORY BOWEL DISEASE PDF,INFLAMMATORY-BOWEL-DISEASE.pdf,https://plasmato.net/wp-content/uploads/2026/01/INFLAMMATORY-BOWEL-DISEASE.pdf
دوره جامع پاتولوژی پزشکی,INTESTINAL DISEASES PDF,INTESTINAL-DISEASES.pdf,https://plasmato.net/wp-content/uploads/2026/01/INTESTINAL-DISEASES.pdf
دوره جامع پاتولوژی پزشکی,LIVER & GALLBLADDER CONGENTINAL CONDITIONS PDF,LIVER-GALLBLADDER-CONGENTINAL-CONDITIONS.pdf,https://plasmato.net/wp-content/uploads/2026/01/LIVER-GALLBLADDER-CONGENTINAL-CONDITIONS.pdf
دوره جامع پاتولوژی پزشکی,LIVER DISEASES PDF,LIVER-DISEASES.pdf,https://plasmato.net/wp-content/uploads/2026/01/LIVER-DISEASES.pdf
دوره جامع پاتولوژی پزشکی,LOWER GASTROINTESTINAL CONGENITAL MALFORMATIONS PDF,LOWER-GASTROINTESTINAL-CONGENITAL-MALFORMATIONS.pdf,https://plasmato.net/wp-content/uploads/2026/01/LOWER-GASTROINTESTINAL-CONGENITAL-MALFORMATIONS.pdf
دوره جامع پاتولوژی پزشکی,MALABSORPTION CONDITIONS PDF,MALABSORPTION-CONDITIONS.pdf,https://plasmato.net/wp-content/uploads/2026/01/MALABSORPTION-CONDITIONS.pdf
دوره جامع پاتولوژی پزشکی,ORAL DISEASES PDF,ORAL-DISEASES.pdf,https://plasmato.net/wp-content/uploads/2026/01/ORAL-DISEASES.pdf
دوره جامع پاتولوژی پزشکی,PANCREATITIS PDF,PANCREATITIS.pdf,https://plasmato.net/wp-content/uploads/2026/01/PANCREATITIS.pdf
دوره جامع پاتولوژی پزشکی,PERITONEAL PATHOLOGY PDF,PERITONEAL-PATHOLOGY.pdf,https://plasmato.net/wp-content/uploads/2026/01/PERITONEAL-PATHOLOGY.pdf
دوره جامع پاتولوژی پزشکی,RECTAL & ANAL PATHOLOGY PDF,RECTAL-ANAL-PATHOLOGY.pdf,https://plasmato.net/wp-content/uploads/2026/01/RECTAL-ANAL-PATHOLOGY.pdf
دوره جامع پاتولوژی پزشکی,UPPER GASTROINTESTINAL CONGENITAL MALFORMATIONS PDF,UPPER-GASTROINTESTINAL-CONGENITAL-MALFORMATIONS.pdf,https://plasmato.net/wp-content/uploads/2026/01/UPPER-GASTROINTESTINAL-CONGENITAL-MALFORMATIONS.pdf
دوره جامع سیستم تنفسی پزشکی,ACUTE RESPIRATORY DISEASE PDF,ACUTE-RESPIRATORY-DISEASE.pdf,https://plasmato.net/wp-content/uploads/2026/02/ACUTE-RESPIRATORY-DISEASE.pdf
دوره جامع سیستم تنفسی پزشکی,LOWER RESPIRATORY TRACK INFECTION PDF,LOWER-RESPIRATORY-TRACK-INFECTION.pdf,https://plasmato.net/wp-content/uploads/2026/02/LOWER-RESPIRATORY-TRACK-INFECTION.pdf
دوره جامع سیستم تنفسی پزشکی,LOWER RESPIRATORY TRACK CONGENITAL MALFORMATIONS PDF,LOWER-RESPIRATORY-TRACK-CONGENITAL-MALFORMATIONS.pdf,https://plasmato.net/wp-content/uploads/2026/02/LOWER-RESPIRATORY-TRACK-CONGENITAL-MALFORMATIONS.pdf
دوره جامع سیستم تنفسی پزشکی,OBSTRUCTIVE LUNG DISEASE PDF,OBSTRUCTIVE-LUNG-DISEASE.pdf,https://plasmato.net/wp-content/uploads/2026/02/OBSTRUCTIVE-LUNG-DISEASE.pdf
دوره جامع سیستم تنفسی پزشکی,PERINATAL ACUTE RESPIRATORY DISEASE PDF,PERINATAL-ACUTE-RESPIRATORY-DISEASE.pdf,https://plasmato.net/wp-content/uploads/2026/02/PERINATAL-ACUTE-RESPIRATORY-DISEASE.pdf
دوره جامع سیستم تنفسی پزشکی,PLEURA & PLEURAL SPACE PDF,PLEURA-PLEURAL-SPACE.pdf,https://plasmato.net/wp-content/uploads/2026/02/PLEURA-PLEURAL-SPACE.pdf
دوره جامع سیستم تنفسی پزشکی,PULMONARY VASCULAR DISEASE PDF,PULMONARY-VASCULAR-DISEASE.pdf,https://plasmato.net/wp-content/uploads/2026/02/PULMONARY-VASCULAR-DISEASE.pdf
دوره جامع سیستم تنفسی پزشکی,RESPIRATORY TUMORS PDF,RESPIRATORY-TUMORS.pdf,https://plasmato.net/wp-content/uploads/2026/02/RESPIRATORY-TUMORS.pdf
دوره جامع سیستم تنفسی پزشکی,RESTRICTIVE LUNG DISEASE PDF,RESTRICTIVE-LUNG-DISEASE.pdf,https://plasmato.net/wp-content/uploads/2026/02/RESTRICTIVE-LUNG-DISEASE.pdf
دوره جامع سیستم تنفسی پزشکی,SLEEP-RELATED RESPIRATORY DISEASE PDF,SLEEP-RELATED-RESPIRATORY-DISEASE.pdf,https://plasmato.net/wp-content/uploads/2026/02/SLEEP-RELATED-RESPIRATORY-DISEASE.pdf
دوره جامع سیستم تنفسی پزشکی,UPPER RESPIRATORY TRACK CONGENITAL MALFORMATIONS PDF,UPPER-RESPIRATORY-TRACK-CONGENITAL-MALFORMATIONS.pdf,https://plasmato.net/wp-content/uploads/2026/02/UPPER-RESPIRATORY-TRACK-CONGENITAL-MALFORMATIONS.pdf
دوره جامع سیستم تنفسی پزشکی,UPPER RESPIRATORY TRACK PDF,UPPER-RESPIRATORY-TRACK.pdf,https://plasmato.net/wp-content/uploads/2026/02/UPPER-RESPIRATORY-TRACK.pdf
دوره جامع سیستم تنفسی پزشکی,ANATOMY & PHYSIOLOGY PDF,ANATOMY-PHYSIOLOGY-2.pdf,https://plasmato.net/wp-content/uploads/2026/01/ANATOMY-PHYSIOLOGY-2.pdf
دوره جامع سیستم تنفسی پزشکی,BREATHING MECHANICS PDF,BREATHING-MECHANICS.pdf,https://plasmato.net/wp-content/uploads/2026/01/BREATHING-MECHANICS.pdf
دوره جامع سیستم تنفسی پزشکی,BREATHING REGULATION PDF,BREATHING-REGULATION.pdf,https://plasmato.net/wp-content/uploads/2026/01/BREATHING-REGULATION.pdf
دوره جامع سیستم تنفسی پزشکی,GAS EXCHANGE PDF,GAS-EXCHANGE.pdf,https://plasmato.net/wp-content/uploads/2026/01/GAS-EXCHANGE.pdf
دوره جامع سیستم تنفسی پزشکی,GAS TRANSPORT PDF,GAS-TRANSPORT.pdf,https://plasmato.net/wp-content/uploads/2026/01/GAS-TRANSPORT.pdf
دوره جامع سیستم تنفسی پزشکی,NORMAL VARIATIONS PDF,NORMAL-VARIATIONS-1.pdf,https://plasmato.net/wp-content/uploads/2026/01/NORMAL-VARIATIONS-1.pdf
دوره جامع سیستم تولید مثل پزشکی,BREAST MASSES PDF,BREAST-MASSES.pdf,https://plasmato.net/wp-content/uploads/2026/01/BREAST-MASSES.pdf
دوره جامع سیستم تولید مثل پزشکی,DISORDERS OF LABOR PDF,DISORDERS-OF-LABOR.pdf,https://plasmato.net/wp-content/uploads/2026/01/DISORDERS-OF-LABOR.pdf
دوره جامع سیستم تولید مثل پزشکی,FEMALE GENITOURINARY CANCERS PDF,FEMALE-GENITOURINARY-CANCERS.pdf,https://plasmato.net/wp-content/uploads/2026/01/FEMALE-GENITOURINARY-CANCERS.pdf
دوره جامع سیستم تولید مثل پزشکی,GENITOURINARY TRACK INFECTIONS PDF,GENITOURINARY-TRACK-INFECTIONS.pdf,https://plasmato.net/wp-content/uploads/2026/01/GENITOURINARY-TRACK-INFECTIONS.pdf
دوره جامع سیستم تولید مثل پزشکی,INFERTILITY & FETAL LOSS PDF,INFERTILITY-FETAL-LOSS.pdf,https://plasmato.net/wp-content/uploads/2026/01/INFERTILITY-FETAL-LOSS.pdf
دوره جامع سیستم تولید مثل پزشکی,MALE GENITOURINARY CANCERS PDF,MALE-GENITOURINARY-CANCERS.pdf,https://plasmato.net/wp-content/uploads/2026/01/MALE-GENITOURINARY-CANCERS.pdf
دوره جامع سیستم تولید مثل پزشکی,MATERNAL CONDITIONS PDF,MATERNAL-CONDITIONS.pdf,https://plasmato.net/wp-content/uploads/2026/01/MATERNAL-CONDITIONS.pdf
دوره جامع سیستم تولید مثل پزشکی,OVARIAN & UTERINE DISORDERS PDF,OVARIAN-UTERINE-DISORDERS.pdf,https://plasmato.net/wp-content/uploads/2026/01/OVARIAN-UTERINE-DISORDERS.pdf
دوره جامع سیستم تولید مثل پزشکی,PENILE PROSTATE & TESTICULAR DISORDERS PDF,PENILE-PROSTATE-TESTICULAR-DISORDERS.pdf,https://plasmato.net/wp-content/uploads/2026/01/PENILE-PROSTATE-TESTICULAR-DISORDERS.pdf
دوره جامع سیستم تولید مثل پزشکی,PERINATAL INFECTIONS PDF,PERINATAL-INFECTIONS.pdf,https://plasmato.net/wp-content/uploads/2026/01/PERINATAL-INFECTIONS.pdf
دوره جامع سیستم تولید مثل پزشکی,FEMALE REPRODUCTIVE SYSTEM PDF,FEMALE-REPRODUCTIVE-SYSTEM-1.pdf,https://plasmato.net/wp-content/uploads/2026/01/FEMALE-REPRODUCTIVE-SYSTEM-1.pdf
دوره جامع سیستم تولید مثل پزشکی,MALE REPRODUCTIVE SYSTEM PDF,MALE-REPRODUCTIVE-SYSTEM-1.pdf,https://plasmato.net/wp-content/uploads/2026/01/MALE-REPRODUCTIVE-SYSTEM-1.pdf
دوره جامع سیستم تولید مثل پزشکی,SEXUAL DEVELOPMENT PDF,SEXUAL-DEVELOPMENT-1.pdf,https://plasmato.net/wp-content/uploads/2026/01/SEXUAL-DEVELOPMENT-1.pdf
دوره جامع خون و سیستم لنفاوی پزشکی,BLOOD COMPONENTS & FUNCTION PDF,BLOOD-COMPONENTS-FUNCTION.pdf,https://plasmato.net/wp-content/uploads/2026/01/BLOOD-COMPONENTS-FUNCTION.pdf
دوره جامع خون و سیستم لنفاوی پزشکی,CONGENITAL ANEMIA PDF,CONGENITAL-ANEMIA.pdf,https://plasmato.net/wp-content/uploads/2026/01/CONGENITAL-ANEMIA.pdf
دوره جامع خون و سیستم لنفاوی پزشکی,DYSPLASTIC & PROLIFERATIVE DISORDERS PDF,DYSPLASTIC-PROLIFERATIVE-DISORDERS.pdf,https://plasmato.net/wp-content/uploads/2026/01/DYSPLASTIC-PROLIFERATIVE-DISORDERS.pdf
دوره جامع خون و سیستم لنفاوی پزشکی,HYPERCOAGULABLE DISORDERS PDF,HYPERCOAGULABLE-DISORDERS.pdf,https://plasmato.net/wp-content/uploads/2026/01/HYPERCOAGULABLE-DISORDERS.pdf
دوره جامع خون و سیستم لنفاوی پزشکی,HYPOCOAGULABLE DISORDERS PDF,HYPOCOAGULABLE-DISORDERS.pdf,https://plasmato.net/wp-content/uploads/2026/01/HYPOCOAGULABLE-DISORDERS.pdf
دوره جامع خون و سیستم لنفاوی پزشکی,LEUKEMIAS PDF,LEUKEMIAS.pdf,https://plasmato.net/wp-content/uploads/2026/01/LEUKEMIAS.pdf
دوره جامع خون و سیستم لنفاوی پزشکی,LYMPHOMAS PDF,LYMPHOMAS.pdf,https://plasmato.net/wp-content/uploads/2026/01/LYMPHOMAS.pdf
دوره جامع خون و سیستم لنفاوی پزشکی,MACROCYTIC ANEMIA PDF,MACROCYTIC-ANEMIA.pdf,https://plasmato.net/wp-content/uploads/2026/01/MACROCYTIC-ANEMIA.pdf
دوره جامع خون و سیستم لنفاوی پزشکی,METHEMOGLOBINEMIA PDF,METHEMOGLOBINEMIA.pdf,https://plasmato.net/wp-content/uploads/2026/01/METHEMOGLOBINEMIA.pdf
دوره جامع خون و سیستم لنفاوی پزشکی,MICROCYTIC ANEMIA PDF,MICROCYTIC-ANEMIA.pdf,https://plasmato.net/wp-content/uploads/2026/01/MICROCYTIC-ANEMIA.pdf
دوره جامع خون و سیستم لنفاوی پزشکی,NORMOCYTIC ANEMIA ( DECREASED PRODUCTION ) PDF,NORMOCYTIC-ANEMIA-DECREASED-PRODUCTION-.pdf,https://plasmato.net/wp-content/uploads/2026/01/NORMOCYTIC-ANEMIA-DECREASED-PRODUCTION-.pdf
دوره جامع خون و سیستم لنفاوی پزشکی,NORMOCYTIC ANEMIA ( INCREASED HEMOLYSIS ) PDF,NORMOCYTIC-ANEMIA-INCREASED-HEMOLYSIS-.pdf,https://plasmato.net/wp-content/uploads/2026/01/NORMOCYTIC-ANEMIA-INCREASED-HEMOLYSIS-.pdf
دوره جامع خون و سیستم لنفاوی پزشکی,PLASMA CELL DYSCRASIAS PDF,PLASMA-CELL-DYSCRASIAS.pdf,https://plasmato.net/wp-content/uploads/2026/01/PLASMA-CELL-DYSCRASIAS.pdf
دوره جامع خون و سیستم لنفاوی پزشکی,PLATELET DISORDERS PDF,PLATELET-DISORDERS.pdf,https://plasmato.net/wp-content/uploads/2026/01/PLATELET-DISORDERS.pdf
دوره جامع خون و سیستم لنفاوی پزشکی,PORPHYRIA PDF,PORPHYRIA.pdf,https://plasmato.net/wp-content/uploads/2026/01/PORPHYRIA.pdf
دوره جامع خون و سیستم لنفاوی پزشکی,SPLEEN PATHOLOGY PDF,SPLEEN-PATHOLOGY.pdf,https://plasmato.net/wp-content/uploads/2026/01/SPLEEN-PATHOLOGY.pdf
دوره جامع خون و سیستم لنفاوی پزشکی,THROMBOCYTOPENIA PDF,THROMBOCYTOPENIA.pdf,https://plasmato.net/wp-content/uploads/2026/01/THROMBOCYTOPENIA.pdf
دوره جامع خون و سیستم لنفاوی پزشکی,THYMUS NEOPLASIA PDF,THYMUS-NEOPLASIA.pdf,https://plasmato.net/wp-content/uploads/2026/01/THYMUS-NEOPLASIA.pdf
دوره جامع سیستم اسکلتی عضلانی پزشکی,"BONES, JOINTS, & CARTILAGE PDF",BONES-JOINTS-CARTILAGE.pdf,https://plasmato.net/wp-content/uploads/2026/01/BONES-JOINTS-CARTILAGE.pdf
دوره جامع سیستم اسکلتی عضلانی پزشکی,MUSCLES PDF,MUSCLES.pdf,https://plasmato.net/wp-content/uploads/2026/01/MUSCLES.pdf
دوره جامع سیستم اسکلتی عضلانی پزشکی,BONE & JOINT INFECTIONS PDF,BONE-JOINT-INFECTIONS.pdf,https://plasmato.net/wp-content/uploads/2026/01/BONE-JOINT-INFECTIONS.pdf
دوره جامع سیستم اسکلتی عضلانی پزشکی,BONE & JOINT PATHOLOGY PDF,BONE-JOINT-PATHOLOGY.pdf,https://plasmato.net/wp-content/uploads/2026/01/BONE-JOINT-PATHOLOGY.pdf
دوره جامع سیستم اسکلتی عضلانی پزشکی,BONE TUMORSBONE TUMORS PDF,BONE-TUMORSBONE-TUMORS.pdf,https://plasmato.net/wp-content/uploads/2026/01/BONE-TUMORSBONE-TUMORS.pdf
دوره جامع سیستم اسکلتی عضلانی پزشکی,CARTILAGE TUMORS PDF,CARTILAGE-TUMORS.pdf,https://plasmato.net/wp-content/uploads/2026/01/CARTILAGE-TUMORS.pdf
دوره جامع سیستم اسکلتی عضلانی پزشکی,HEAD & NECK MUSCULOSKELETAL DISORDERS PDF,HEAD-NECK-MUSCULOSKELETAL-DISORDERS.pdf,https://plasmato.net/wp-content/uploads/2026/01/HEAD-NECK-MUSCULOSKELETAL-DISORDERS.pdf
دوره جامع سیستم اسکلتی عضلانی پزشکی,INFLAMMATORY ARTHRITIS PDF,INFLAMMATORY-ARTHRITIS.pdf,https://plasmato.net/wp-content/uploads/2026/01/INFLAMMATORY-ARTHRITIS.pdf
دوره جامع سیستم اسکلتی عضلانی پزشکی,INFLAMMATORY MYOSITIS PDF,INFLAMMATORY-MYOSITIS.pdf,https://plasmato.net/wp-content/uploads/2026/01/INFLAMMATORY-MYOSITIS.pdf
دوره جامع سیستم اسکلتی عضلانی پزشکی,INFLAMMATORY SONNECTIVE TISSUE DISORDERS PDF,INFLAMMATORY-SONNECTIVE-TISSUE-DISORDERS.pdf,https://plasmato.net/wp-content/uploads/2026/01/INFLAMMATORY-SONNECTIVE-TISSUE-DISORDERS.pdf
دوره جامع سیستم اسکلتی عضلانی پزشکی,JOINT PATHOLOGY PDF,JOINT-PATHOLOGY.pdf,https://plasmato.net/wp-content/uploads/2026/01/JOINT-PATHOLOGY.pdf
دوره جامع سیستم اسکلتی عضلانی پزشکی,LOWER LIMB INJURY PDF,LOWER-LIMB-INJURY.pdf,https://plasmato.net/wp-content/uploads/2026/01/LOWER-LIMB-INJURY.pdf
دوره جامع سیستم اسکلتی عضلانی پزشکی,MUSCLE TUMORS PDF,MUSCLE-TUMORS.pdf,https://plasmato.net/wp-content/uploads/2026/01/MUSCLE-TUMORS.pdf
دوره جامع سیستم اسکلتی عضلانی پزشکی,MUSCULOSKELETAL CONGENITAL MALFORMATIONS PDF,MUSCULOSKELETAL-CONGENITAL-MALFORMATIONS.pdf,https://plasmato.net/wp-content/uploads/2026/01/MUSCULOSKELETAL-CONGENITAL-MALFORMATIONS.pdf
دوره جامع سیستم اسکلتی عضلانی پزشکی,SKELETAL DYSPLASIA PDF,SKELETAL-DYSPLASIA.pdf,https://plasmato.net/wp-content/uploads/2026/01/SKELETAL-DYSPLASIA.pdf
دوره جامع سیستم اسکلتی عضلانی پزشکی,SPINAL DISORDERS PDF,SPINAL-DISORDERS.pdf,https://plasmato.net/wp-content/uploads/2026/01/SPINAL-DISORDERS.pdf
دوره جامع سیستم اسکلتی عضلانی پزشکی,TRAUMA COMPLICATIONS PDF,TRAUMA-COMPLICATIONS.pdf,https://plasmato.net/wp-content/uploads/2026/01/TRAUMA-COMPLICATIONS.pdf
دوره جامع سیستم اسکلتی عضلانی پزشکی,UPPER LIMB INJURY PDF,UPPER-LIMB-INJURY.pdf,https://plasmato.net/wp-content/uploads/2026/01/UPPER-LIMB-INJURY.pdf
Cellular and molecular biology,CELLULAR PATHOLOGY PDF,CELLULAR-PATHOLOGY.pdf,https://plasmato.net/wp-content/uploads/2026/01/CELLULAR-PATHOLOGY.pdf
Cellular and molecular biology,CELLULAR STRUCTURES & PROCESSES PDF,CELLULAR-STRUCTURES-PROCESSES.pdf,https://plasmato.net/wp-content/uploads/2026/01/CELLULAR-STRUCTURES-PROCESSES.pdf
